File Name,MD5 Hash
agentactivationruntimestarter.exe,0724fa8bcaf2725746f9bb4264989d96
AgentService.exe,00effbf5c5e25799a2e5b49cafde86f4
aitstatic.exe,34eb512b3587438f22ae93e7f07616b7
alg.exe,fadf878c0d61d07170c91c891ebc72b2
AppHostRegistrationVerifier.exe,777196069fba62003dd3dc69039934cd
appidcertstorecheck.exe,835e25a0fb27a1daabbf8e09400fa668
appidpolicyconverter.exe,6d98c0232748c9e3e3e2c644493b2f56
appidtel.exe,e9e75f798892aa85523ddd4e57af7af5
ApplicationFrameHost.exe,df3c4cc59e2fc998c50b08ccef85cfdf
ApplySettingsTemplateCatalog.exe,1dcd96ae1ff6962c07a04577309bd02a
ApplyTrustOffline.exe,db19840da4b9e2a1c331e61a244550d8
ApproveChildRequest.exe,a281dd9c3249df62516109f43567dbbb
AppVClient.exe,c87cfd3edec1617bf7fd78d8abbd6338
AppVDllSurrogate.exe,715aa26d9926785a460fe85669401277
AppVNice.exe,f5799bc6ea55d36a412a0f2a1bc46f0e
AppVShNotify.exe,19788d534581a387ecfc26e94208cca2
AppVStreamingUX.exe,ce028992c3d1b3f26028dbd7fa5a3bf8
ARP.EXE,70cc03d968b1e7446d30af1037c228bf
at.exe,e2a9c62b47f64525f7eb0cb8d637ff90
AtBroker.exe,408416d531c62e3bc668d750ebd0b634
attrib.exe,2106b2c77cbe84029359d36dbc6f6e02
audiodg.exe,205d922eb1ed6369b54b4be85693dd38
audit.exe,07a28e57c1a45395549c81aeca7adbe7
auditpol.exe,538128a46a0d751e789a984a9e6e8bf8
AuditShD.exe,de7377ff4091fc438529f5a96001f17c
AuthHost.exe,bd379338ded6bc30069d2e02f61e5ae4
autochk.exe,f752225a44526d36e2b0f56090afa881
autoconv.exe,da4dac561811dc556dfb47dd4865a8df
autofmt.exe,a3e138bde572f18ba1c7e2de60cc6579
AxInstUI.exe,99c0c34954709a46482e42cf64876726
baaupdate.exe,1de833e454562483bd0cd60d96b3ca0c
backgroundTaskHost.exe,e22e7bd6b146bde93dc48643b772d8bb
BackgroundTransferHost.exe,2969638f9461553e1f5a7b4ec272f97f
bash.exe,0dde8e6a174292b6870ecff792fbd480
bcdboot.exe,1b79840301b3cc6d57eeb26cc2d05e5d
bcdedit.exe,66e4f813624df01d67cf03616760a7ac
bdechangepin.exe,237877714a318d9e9766014ba859831f
BdeHdCfg.exe,49993078062cfccfe5ee1accf47b1eaf
BdeUISrv.exe,6ba29096cbc08290c2f85503d9850580
bdeunlock.exe,7eda3dec2ac9206d153af752f20b4b92
BioIso.exe,c04085e4357604ecb6103eeac83fcfbd
BitLockerDeviceEncryption.exe,3f787e8b7d704e9c728c3bdc58566f45
BitLockerWizard.exe,6b919b72e58391b39a09ee388fa89bbb
BitLockerWizardElev.exe,7b6adcd4165de7732c61e2381d69bea3
bitsadmin.exe,a23a7a6b6f8e1a5d913ea119f5f2ed1a
bootcfg.exe,ddaafcc28ee660a1508007e7e4ac142b
bootim.exe,02c1d81813cbf0d5287106cfcbe31ea9
bootsect.exe,22a158a47c6082e68c058195023ca98a
bridgeunattend.exe,5c32982db9b77db1815773beb1d0f0c9
browserexport.exe,3fd9a107de56d8acdc46b75c6f821af9
browser_broker.exe,917afe3c41fe9ca883e355716353f952
bthudtask.exe,aa060c5f96d87ff96730c6295fc0b748
ByteCodeGenerator.exe,86ea2493a3c1f1ad21c75df4f2b3eab4
cacls.exe,b75dbe7670516fe2f1c06211006299b2
calc.exe,f88cc05134c555d4e1cd1def78162a9a
CameraSettingsUIHost.exe,2ee05a2a057f37d22a5b4134a07a814a
CastSrv.exe,fa7f2abb62329c45703ce80e41a2a949
CertEnrollCtrl.exe,7a2edb43629a04b0248b3db0bd35166c
certreq.exe,25682a89b34e1ab6a091e3ca43422f66
certutil.exe,de9c75f34f47b60a71bba03760f0579e
change.exe,01302adda9c5c683f8ebd151c2184683
changepk.exe,a686c4e586b9c6e10ffca097a665dbdc
charmap.exe,763d2f95751f734633ea53f15ade3893
CheckNetIsolation.exe,4ab46153b2934efda4d3cc58e9bf976a
chglogon.exe,495d25c8551f585a6c1967f720008439
chgport.exe,879a0a757fd993b5d860863f8ce0c68f
chgusr.exe,df4f3f4b59fc7198ac410920b5332e71
chkdsk.exe,a6fd9e76ca14b352812e5c195f650fdb
chkntfs.exe,4d9830db7de498a6da3b051200b1e0c9
choice.exe,6efd5fafc944bb134ec351ce56e5cade
ChsIME.exe,b3448bf077665f2e1ca67094bcf2a7c5
ChtIME.exe,a0ec33cc34f4239a551c07ae9ebc043e
CIDiag.exe,d8c88345f64db744bbe5436110b042e1
cipher.exe,157314d9226ca1b1c1e0771391ca9fbd
cleanmgr.exe,1920470998932423575d36c07f8bc97e
cliconfg.exe,23270b94d888bc3ac565e97c8dd6f4bb
clip.exe,edc92d297efe052cd060177afa7454f4
ClipRenew.exe,ca9bcf60b4b999c5bb375176921c7959
ClipUp.exe,1f921555e2dd1cbc46240cb04d3231a1
CloudExperienceHostBroker.exe,b1e683a7782d8312bb0afa7b29770901
CloudNotifications.exe,ad453b04aa7b498b0f33712330d8c217
cmd.exe,d7ab69fad18d4a643d84a271dfc0dbdf
cmdkey.exe,a5390d2aecd60bde25b85868fb7d1663
cmdl32.exe,14c82be72a2abb9928470524ee9cebed
cmmon32.exe,b1a905d46687e473db8da01d089c37ec
cmstp.exe,d57251040fc3db645062fd9166914a85
cofire.exe,83260ea240e8d8c6e5486423c5fa671a
colorcpl.exe,25040f44b9ddab66ce97ae7eb076c1f4
comp.exe,148d2bb8e9341f23b211c16e67d444de
compact.exe,bd1137cd6b2ceb849d1018709ae8084c
CompatTelRunner.exe,9d8490b08cfb1f6763ef5d556231553a
CompMgmtLauncher.exe,e0861fa9e0a4b441c6a11405d12d0c30
CompPkgSrv.exe,6b61564ce8524acca9bcd2cec6b71ab9
ComputerDefaults.exe,495f18535bbba007a18ec5ee708318fe
comrepl.exe,c23e8178f5571498ac9dee9559130db8
conhost.exe,c5e9b1d1103edcea2e408e9497a5a88f
consent.exe,ee2a1c85c472f89b146cc8ee598cccbc
control.exe,62d970d8b60f75c12d21c740f2d8a5da
convert.exe,27810ad3d1479bdf78517efdb7d05938
convertvhd.exe,b45b3bda85635073280359bd2f9ec9d7
coredpussvr.exe,bd3b1090305e418fee72beadbade57de
CredentialEnrollmentManager.exe,868b7a47689f43a27d3bd5cbad723055
CredentialUIBroker.exe,27b933633aac281fdab8fdc7031315ec
credwiz.exe,e3d1adece776b1780a4e0ce80a41dd4b
cscript.exe,b073f18d23be85799a640147af9aba99
csrss.exe,23019322ffecb179746210be52d6de60
ctfmon.exe,a1f2cf496f181aa75352e102978e60d0
cttune.exe,b8722cb43d049ba8c891b2c857ea0224
cttunesvr.exe,b807358eeadc9989dee47ab20c963cd6
curl.exe,2419907a0bb9a14f1871f0bda7f65578
CustomInstallExec.exe,55adc302852e5873850b3361ce7f2eb6
dasHost.exe,44b4d47f3ddd5da2e4ee0b328e7f2dc8
DataExchangeHost.exe,f40fc46be28387204d89747308112a96
DataStoreCacheDumpTool.exe,b3e4fec7c8ad9291722b49d0d63e6550
DataUsageLiveTileTask.exe,03f022e74920ec1894cbb9fa6a7e7596
dbInstaller.exe,9139a1bff48a06e3656a9ba3f5448bb9
dccw.exe,c7690a2e8b2655793eb5a91dc19cd7a3
dcomcnfg.exe,4ae67bc82428d471e89711af646ff78d
ddodiag.exe,55e9a8cc0c0e0a8b3f2ca6b8635958f0
Defrag.exe,1ef37e629ab62f327728713d9e964fd5
deploymentcsphelper.exe,6c22ec440786d5e1ea69e0d53c4f3b4b
desktopimgdownldr.exe,0e8109ff251ee8c467f3f3641a2afddb
DeviceCensus.exe,0aceb1504cf6253e45c62adc965d96e5
DeviceCredentialDeployment.exe,25b0605a89ab8ee5e0a0d2d7e1d7294a
DeviceEject.exe,668b64378328e7559105c81bee39a1fa
DeviceEnroller.exe,f88292885fda6c357d3ed4091c63ce32
DevicePairingWizard.exe,cb70979b52a067ea40bb36df9c2a62e4
DeviceProperties.exe,b7352c06f8fcc2fd9e715cfc3077294a
DFDWiz.exe,470f87f8e86e98a624b6f374e603b9c4
dfrgui.exe,3c126eb8290de38fe7825805fcc0557c
DiagnosticsHub.StandardCollector.Service.exe,47fe173dd6ac6234e40dda4a9a2f6ac6
dialer.exe,0b69655f912619756c704a0bf716b61f
directxdatabaseupdater.exe,837334b79c27455ddedaf1f6b926f5fd
diskpart.exe,e7a9b7f85dfd4135683f7fd369e8e6cf
diskperf.exe,4a9b9ba33beb42f3071a5c78ddbbc9ad
diskraid.exe,d71fd9319420b8ce299b0e3a661aff29
DiskSnapshot.exe,c585da22a4506764748defba4cf8f9ec
Dism.exe,666f42b887e9f05a78e048bcc7ac9261
DismHost.exe,b5e80ba4ce0781e4b9129ab4d86ab4a9
dispdiag.exe,4131b785b0ec3c5a7f71fa80d113972c
DisplaySwitch.exe,312d71d22c13b095678a5c26d73b6824
djoin.exe,fc389a4a4ee92f6472f7a19849ac7df4
dllhost.exe,680045579134d8ad9d0400a9dbe30786
dllhst3g.exe,49157055ae323500eca91aff8489bc9d
dmcertinst.exe,57561142462163dae3e26a35b7ff581f
dmcfghost.exe,70b05cb77439e81daad380022fc6c0ea
dmclient.exe,f75a111bdd09f49fd954ad0c148a123b
DmNotificationBroker.exe,1d91a85e7dbf23bb8c0fce9780a8c5a8
DmOmaCpMo.exe,e36be263924d5124d59380eb6aace4d6
dns-sd.exe,b028c54fa794c275703bf3f3babdc119
dnscacheugc.exe,15551d0cd29028f3b08fb1469f87b427
doskey.exe,46c4717925bb31ae00bc72363246ae4b
dpapimig.exe,18b5eefa97438ca873227949c09336e9
DpiScaling.exe,a66987e89d00e4f8ddd5a8d0636155b2
dpnsvr.exe,b4d35a8603125cf06aa9a185dfa0e3f1
driverquery.exe,9a90c33b8663a96394675c95b9bf540c
drvcfg.exe,e6455198966134e69566613d7b39e87d
drvinst.exe,100997a8b475b1d1b173be8941dfe1a6
DsmUserTask.exe,666a67deed12cc6c8430946f67cf5fc9
dsregcmd.exe,d92ce4ef92e2a72c5a151f3a6ac008c8
dstokenclean.exe,22943d2624bcad78ff0f7b68de23a887
DTUHandler.exe,2b3d7f8fff7081e0d85d55602e1580e0
dusmtask.exe,ed5988afa2fb121f0110e74c595fefe8
dvdplay.exe,7c9910dda0baa0056c647e1151b1df54
dwm.exe,72b98b74557649f9aa4b0249e43e9bcf
DWWIN.EXE,fafd9e93309bf987f48e1241438047b0
dxdiag.exe,2bdfb0f139aa26c810c5dad102d25a5f
dxgiadaptercache.exe,e3e9d790cf5328c7ef20e47ad56e9d66
Dxpserver.exe,ddcb3000144a8de1286ae59aaf9a438a
Eap3Host.exe,64de3ce3ef11bb9d913cedfa6c6514ba
EaseOfAccessDialog.exe,7d173c547523b37d2bb79a6dbdeff9f0
easinvoker.exe,f47e2120bd53f5802269247171ff293e
EASPolicyManagerBrokerHost.exe,9662674eaf3960bfe0e605421f167597
EDPCleanup.exe,c1248530a08ccc4224ed797a3e67c9fc
edpnotify.exe,c655a8f3997dfb3de7a1850dea467f69
EduPrintProv.exe,2b0b8da6e6e5540ad99a6da3b67452dc
efsui.exe,a4f4320848dc0c349d699fb6f3b2a799
EhStorAuthn.exe,f6c6bb7c8db07549be3d04da75f79e1a
esentutl.exe,a9df466f89b546452c955c6dfc91bf0f
eudcedit.exe,aaec4a29b995ca1079e84c7862c1a239
eventcreate.exe,bc294542c30fa80e43a939d5271a7b56
eventvwr.exe,fa45fa43f689529f653470691bbf53a3
expand.exe,0a8a6ed26a26c2924dc33487c550086c
extrac32.exe,eebade0cb17d75dcef4cd47723821353
FaceFodUninstaller.exe,70b895b331d35b77e1e1761ccc439f00
fc.exe,711a990cf083104416ba134b5678b021
fhmanagew.exe,13fb4bfdb43e0b2991cb4292ccfa9864
FileHistory.exe,154c634ac5fcc1ac49fc189d1308ff26
find.exe,540b3369f4b4e4d4c27daaa8331d0466
findstr.exe,720035daca8632c82521721e367dbfe7
finger.exe,56c565be7419852071c6dfcf36f31503
FirstLogonAnim.exe,94c10eae7738da6f112a6407e8c952f8
fixmapi.exe,cddaf7629275dae9a0b1fb1d8ed557d7
FlashUtil_ActiveX.exe,16df46444631873401136cdbf560a5f2
fltMC.exe,5df5037e16319a6f6e21562c7b4f679c
fodhelper.exe,7215c73ec1aae35b9e4b1f22c811f85c
Fondue.exe,79df3567f912f45ae9bc0664a397c858
fontdrvhost.exe,b3aa76e9e6d7d6426a46d3bcdfd09660
fontview.exe,074e78e53542819a9cb19e0dedb1e18f
forfiles.exe,90b72ed80fe99bc5df81a160508b252e
FreqTransfer32.exe,6642a946a63f091b984329694e9ad308
FreqTransfer64.exe,9263d90b804fbc8fe4bcf503de342742
fsavailux.exe,5bbf35ded12913cffb3731891fc7eaee
FsIso.exe,6c4614c8f778f5c3878cff88bdd55045
fsquirt.exe,e8b103840ee3cc33bf0c33bdbc4ee1f7
fsutil.exe,9a619d0345b400a0fd02452198f26423
ftp.exe,ecd4d5b9579f8d28662212dae741929a
fvenotify.exe,d7b50b5843efd63dbaae341b8e70856d
fveprompt.exe,1b9ec98c9542ef45d511e3d003e00369
FXSCOVER.exe,59ebdb360e375a9abcd6b783d5021ed3
FXSSVC.exe,c6f56e6cf1822cfb9d8f85870453675e
FXSUNATD.exe,183fe82f1b9674fce7f5b3c6d0e6688c
GameBarPresenceWriter.exe,3c82d36c2b28eb036efa4691de85a3cd
GamePanel.exe,58180f3d849ac7a565fa3f015897e611
GenValObj.exe,a5e2601434a3c4ea559ef18944f0995d
getmac.exe,eda93542a676eb67952b7bdcc652b217
gpresult.exe,c21c5600d1a9f0c43e7579b329947480
gpscript.exe,c053bb1bdd38b15d828acf018da25a50
gpupdate.exe,d4f01bec9ca921c13ed1bdd1bf1d2d24
grpconv.exe,ae67554fb55bf839bb9be01bb1e2a112
hdwwiz.exe,b43e4960582baab50cc42141ea782f35
help.exe,80e14a673a0d00e6850e2d60fa4f6e7b
HighresBlender32.exe,3497e1db4ad8a9bb67fe153647323156
HighresBlender64.exe,8f7d97cbbf88dcb122e3976bf274dc09
HOSTNAME.EXE,612dba11f1dfad1998609a647b740b34
hvax64.exe,80d0afccaa97a8e10ab9ea9e8c8915ee
hvix64.exe,f7423896a5929d34013e972db419ee61
hvsievaluator.exe,ba343e46b1a84d71ffc63163b5186e23
icacls.exe,d8b5077f15576983cb8d344f21fd1309
IcsEntitlementHost.exe,7cb3ca9ffc35645bdb58a53ed4941b24
icsunattend.exe,b4985af6476664871110270a1700e3d3
ie4uinit.exe,ad9ad3c852d59fbf125f02a09f1ff405
ie4ushowIE.exe,aa9935605c3d902ad7bc03a1335d721c
IEChooser.exe,f273bb25369fa5837d5fe0f576b5939e
ieUnatt.exe,59dad588b1fd0289fabfc39d71c2ccb4
iexpress.exe,cfce9fdac8dd2a4e5209b772cf843e89
IMCCPHR.exe,63169e2baeeebc85fa4b27aa1a261884
ImeBroker.exe,aebf503d5f223018775b08709605a601
imecfmui.exe,9d88fe39cfd94aeccc9161c3fc54d28f
IMEPADSV.EXE,c1ba1898c1af19ac72dc2beaec538b7f
IMESEARCH.EXE,fe9ae6e3b8957f837e9901bcb4248356
IMEWDBLD.EXE,cb30ad795c9b30e71eb1e596d18b7a21
IMJPDCT.EXE,e7f38b547f4d9919382d21b1f13b1982
IMJPSET.EXE,71340cea2c0fc1089af616aae507649c
IMJPUEX.EXE,8c01ddd9e78b621915141c3866f11fca
imjpuexc.exe,ecb56845f13e502ac45a058f26bca9f3
immersivetpmvscmgrsvr.exe,3a6bc919d7d4eeb9cebdad4d27efba91
IMTCLNWZ.EXE,39caba9f140433c5c26b2f6f2bf27cb6
IMTCPROP.exe,edd8488e449d5d1997796abba1ebe001
InfDefaultInstall.exe,8a91dec7cd83d38314ad072ee568d1cb
InputSwitchToastHandler.exe,e2a533906cf884b55a1b45c3785e8fc6
iotstartup.exe,dec60017a50ca7ccbcbb87ca170597c5
ipconfig.exe,741462ab431a22233c787baab9b653c7
iscsicli.exe,3fd21cd58e95b58b906d97de3fd1600c
iscsicpl.exe,cae8c35600efee3f4531ba08c07efad6
isoburn.exe,78164919675fd6b09cde384c2a3310bc
klist.exe,0c04245d868d0ba1d5156499f137001c
ksetup.exe,f118a4a1027cf96bbf54c0c3a86e1900
ktmutil.exe,a77a5364e36fcb1573c4d41aeb8bdccd
label.exe,8650501f9418753e535611b8fa5de483
LanguageComponentsInstallerComHandler.exe,6904e511544803d32c5c7521717eb341
LaunchTM.exe,96e0b634008f2edd4d82060687d11e0f
LaunchWinApp.exe,e87f11339975962f8d480b25364bde7e
LegacyNetUXHost.exe,572734adc047f85405cdb5bc02c67b6e
LicenseManagerShellext.exe,ddce1e1c3e45592653e2a2a93168ba3e
licensingdiag.exe,3b178ca47d045eef6f29342bd89129bf
LicensingUI.exe,bbad4ad02e1e58ec108833d213bd581e
LocationNotificationWindows.exe,c04c36bbd0ad2c406258e4129bcc6428
Locator.exe,a089120b99842f0a3ce8ae586a31bd56
LockAppHost.exe,9b47dd2f5e37aa1fdd9a9b9298978853
LockScreenContentServer.exe,31e46dc43612eef594ffd7735c1227a0
lodctr.exe,e97fe5ff0994b1c2dde3b8f2456aebfc
logagent.exe,80f0f20bb9f8c85dfce8764f36a7bb43
logman.exe,04c731a807ecbe033f8811a0883b8450
logoff.exe,1ad96982df504bb20d7785b39e3d5adb
LogonUI.exe,daa5cd4c86d5fcd6b3a215b34264fe78
lpkinstall.exe,4a39f6eec513666b52c1f4ad7d63641a
lpksetup.exe,9ff59b45f65380231a2b1ff3c8a58079
lpremove.exe,1e92151c94904952f478863eff6a4224
LsaIso.exe,0515dca225596121c3d375a1e20000f1
lsass.exe,03c70933698c6e3e466076dd9c3faa18
Magnify.exe,2587cab4856f90bd98a7d8451bd2a997
makecab.exe,03b4e2e44f00376b05772eaf537411ab
manage-bde.exe,146c56e1598a4f568b6f0342a485dd84
mavinject.exe,80eaeba49ffd53712f4304a442c95f0d
MbaeParserTask.exe,762bd5101776c51500b0f9078f0ca805
mblctr.exe,4e49eeb5bae4bdb35a7c3f1c853dd76d
MBR2GPT.EXE,b178dcbf725d542401b36b708409f959
mcbuilder.exe,d76efaa44d4b4cb0306e3d3141960f4f
MCU.exe,0bc19cfc1c480932ff5a6f6ac86c3232
MDEServer.exe,5b10b91ae7922c4a797579be86dd82e1
MDMAgent.exe,6a698a552cb610d4bffe1a6655ea70d7
MDMAppInstaller.exe,caa19d6f1d4a5987691fd38918c6d79c
MdmDiagnosticsTool.exe,09f8366d2e20834d12684e34382e6410
MdRes.exe,4d39cfcdae03cbd0ce29cae5cfd45883
MdSched.exe,d8e7439565b126ad33520b090e7888b0
mfpmp.exe,91e49b7cc88b4a3757c65af3d7d19d31
Microsoft.Uev.CscUnpinTool.exe,7e24fb51000c55c6cd46b6654258a29b
Microsoft.Uev.SyncController.exe,68ec8f87bd36362b5da3ef46fdfdbd14
MicrosoftEdgeBCHost.exe,0e954887fc791f668ce388f89bc3d6c6
MicrosoftEdgeCP.exe,0e954887fc791f668ce388f89bc3d6c6
MicrosoftEdgeDevTools.exe,0e954887fc791f668ce388f89bc3d6c6
MicrosoftEdgeSH.exe,5ac4aa9129f88ede6b7a72efc56c9058
mighost.exe,55f02a5437cd8eac2154b67fe5116733
MigRegDB.exe,67482c2dae481d7f30693b6de97b3596
mitigationscanner.exe,3c112a2cce8308809a68fb1c7f6b0291
mmc.exe,26f0b79f5a4797e4d06d164e650fc872
mmgaserver.exe,e1cf4b6885d7ef9adb19ad24546cb1bf
mobsync.exe,984eefeb48b347ab5693e86d03d0bd48
mofcomp.exe,3cb33a0e18dd6523fee62c907c3c20b9
mountvol.exe,f642f1a177ed7e0dedc560f07bdae210
mousocoreworker.exe,247911e166a49792d94b0a82cd201a61
mpnotify.exe,4f11457153f39098dc719646a7e9fb4b
MpSigStub.exe,ed5cd74fe1d482a12b53233e0946e5bc
MRINFO.EXE,e802f48616f213635f1bac131abc2440
MRT.exe,a038fedb4442c476be8a0c48d9564e40
MSchedExe.exe,08e812abe592d0c4b3d899225bce5fb6
msconfig.exe,ec284b6d1afbba44211f4f0c3ea44838
msdt.exe,152d4c9f63efb332ccb134c6953c0104
msdtc.exe,dc59fe37cff118b6dac426fe9923b32c
msfeedssync.exe,2d591c76d56e5a101a2c68977ac9cdd4
msg.exe,e70eb0cfabc4927a3a40e8738e173711
mshta.exe,7c5c45d9f45694521548e99ba5d4e535
msiexec.exe,2d9f692e71d9985f1c6237f063f6fe76
msinfo32.exe,ce97fd0e2556a49965411764f086cea8
msoobe.exe,fd238efd6df17919a7f08ea87f01de16
mspaint.exe,33a61f754d9433d6cc37388ce2711040
msra.exe,884f6638e9a5988d31e91171a1d07940
MsSpellCheckingHost.exe,e8ef079a91ba4ccd32c4f00e17dc68ec
mstsc.exe,c3566be96333abf365a36d34151c56ab
mtstocom.exe,a78de0886b91a00d23e7dbf0017a9502
MuiUnattend.exe,863e71d4d80e028f03d3b67e092b41f7
MultiDigiMon.exe,c20a8c29a5a64854e01771be46056b41
MusNotification.exe,ecd912a58002aa08a79f1270c5ebd661
MusNotificationUx.exe,40824f072e8f72e1851be962769401c6
MusNotifyIcon.exe,1c6688d8ac6deb5874467fc04206780d
Narrator.exe,503bf6a9f3166ca04949afb82d0cabf9
nbtstat.exe,fe50b9b5b68ed5b2b6e328a5b7d8d9b5
ndadmin.exe,8c1f5aae02987dee201a91fe1b42d3cf
NDKPing.exe,e9ad6c80432abcaf0f562fa3452c92f4
net.exe,a63df9a6e9098cc189f2a3efc37600f6
net1.exe,0f641f87a791ae07c00a725bbbd77724
netbtugc.exe,1c18b4f08334ceefbe97d897ab6c5e62
netcfg.exe,697f597076d242c4eda787cdc89d8ba5
NetCfgNotifyObjectHost.exe,f892d0f9b7313820d6f5422897c50247
NetEvtFwdr.exe,c9131af9ee7ec0719d17220c12711ec8
NetHost.exe,a007127f5c08af345083d9850fff933b
netiougc.exe,151989c3a82b7e5d5b1f4e71f4be2cdf
Netplwiz.exe,f94b7fb6dac49844d03c7087b2d8b472
netsh.exe,79cbbf946e797103bed792740aebfec1
NETSTAT.EXE,2445dece99deedbd701dc6dfe10e648e
newdev.exe,3014fda5eb6f2873e15335cafa0c9950
NgcIso.exe,d1b8d623be0ef7cfc76253f1a3877a18
nltest.exe,35ea70d53fba9e7919853cdebabb3e0d
nmbind.exe,c9125d5ec98cb2683590aea0e70a85a7
nmscrub.exe,7ca6d0e495120794146ca91efce329c3
notepad.exe,f1139811bbf61362915958806ad30211
NpcapHelper.exe,f6a350e8c4e71d7a1f8413c0132f4871
nslookup.exe,873b6a4568378ae00123db99b8ab3857
ntoskrnl.exe,eec91956116b469b56b2b4fb8c259eb5
ntprint.exe,7dc74288d09dca85f8484793f76b373a
NvCameraEnable.exe,77764853afa5f45178ebc4a0401ea70c
nvdebugdump.exe,52ada695fd14a27e46497285960f6dd6
nvdispco64.exe,4ebf28412c3577a24d5e3beaa48bfbca
NVDisplay.Container.exe,5723f31c303d4f4c1235cfced2bf9264
NVGPUP.Container.exe,1f00844688225ea4c4831862218aa837
nvidia-smi.exe,bae4a7052dd2631694d35466315d9695
NvImageConvert32.exe,1e4833b78f72a2eedf9f094622baa1f9
NvImageConvert64.exe,23fc5dac6f1385332a70ef139940525f
nvngx_update.exe,d52d2668f049fc5c036ff134db1f8ccd
nvsetup.exe,c32f4c78e8eb2a80425080ffc5c00ce2
nvsmartmaxapp.exe,f10162ed706352abcf422e5d5f77ac54
nvsmartmaxapp64.exe,2081d1b683fdcd113c9a280be6fe68fe
nvspinfo.exe,08909c75722f5b216f1addc30a972afd
nvWmi64.exe,e92fcdd9753a21b1be0b3826a2be9544
odbcad32.exe,35df6d2f992f336a3bb3e971fbc10936
odbcconf.exe,eaf00070639a42055029b1f22fd75abc
ofdeploy.exe,d2dcaebf55bc9f19f882f639e6fbd898
omadmclient.exe,4a5ffab0b70366f5cf2655d77c555f3f
omadmprc.exe,081c5eec3674d934783e556b7b1a771f
oobeldr.exe,587e0caba70fafab18fe33c60d400031
openfiles.exe,1b1f66db992b12735da4221358924e3d
OpenWith.exe,5d37a62943f1071ffffe1de74b8f2778
OptionalFeatures.exe,ef0418cf89ad1c48d855a11f162aa08d
osk.exe,9237bd6c14767145300ea58acc2f20f9
pacjsworker.exe,d2aeed7a396caad7e1ea6513a71827ec
PackagedCWALauncher.exe,9b9c230b2a76f5522a4b2f0200b0ad25
PackageInspector.exe,07bc15e08626c9687eaa8400e6cff9cf
PasswordOnWakeSettingFlyout.exe,37ca800cc1a12b93df9d4f6925a3e9b7
PATHPING.EXE,e569a7ba5c8cf15dbb79b18563939ed1
pcalua.exe,52cfda1e667e2b6dd53c6f50800958f4
pcaui.exe,83197def7a5bccea8d8468c1fecb5efc
pcwrun.exe,8ef6cf4e50d1d30d34f9f451ebb4a781
PerceptionSimulationInput.exe,dd8bf35b187eb3a4c08519cf2053c51d
PerceptionSimulationService.exe,3edf20f5b059dd88ed7dbaf40cf31ca7
perfmon.exe,ae3d54bf0d325bdfb785b86511930e37
phoneactivate.exe,1b8beb69421cea6d600cfe73c0e9998e
PickerHost.exe,593b185135e2fa632350d334877430fd
PinEnrollmentBroker.exe,3e76edc02c31bb4b58ff57d54f9ad088
PING.EXE,f3f3d2b0196b9a00e91838888e76b5f6
PkgMgr.exe,16c0ddfce82a53516e634f691689ebb6
PktMon.exe,2b65bc360dd7c4c290231dee93a0ce75
plasrv.exe,a437fab862991a9c29101891419f3904
PnPUnattend.exe,0d59f86783f58cfce0b051b2f689b2a1
pnputil.exe,b2dba298a747802266e7dc6d1ea262e6
poqexec.exe,6b281f99dd9e06290190054a96757e66
pospaymentsworker.exe,77d96999819206e9208df12819e5dba7
powercfg.exe,f8c5cf8a518fafe5e2577cbc2e6d1820
powershell.exe,cda48fc75952ad12d99e526d0b6bf70a
powershell_ise.exe,30a2792a2428cd06cfec23ecb074889a
PresentationHost.exe,49fa711824925d5fa0286a7fde8c1821
PresentationSettings.exe,b70f0b64adb8b30223043d1c8f104252
prevhost.exe,fc9d728cfee0950ba8d87f44c978401c
print.exe,09a7f83f77a2ae9dfc3d70b1c53109f2
PrintBrm.exe,f15c1b19c2d045f41e512de2f4cd7393
PrintBrmEngine.exe,50c182a13541d305c481423923d99ddd
PrintBrmUi.exe,af2ebe7564aa82ab15e07f1a2e7ab4f8
printfilterpipelinesvc.exe,8aa916aa8c8ecd4e9918b3b3da06698b
PrintIsolationHost.exe,e3d32aa13b48e4a5b17aa618d5c1b395
printui.exe,4126afe6096da99b479c49a0a38a931f
proquota.exe,468ce68311d458c654353cecea899976
provlaunch.exe,b4a271e5153a4130f795ef309489ed04
provtool.exe,059922b58b75f4b9f286bac87258b0ef
ProximityUxHost.exe,0664fd5ee1d7effdf439cc2103a830a7
prproc.exe,bfd6335e4f61d44ca74b627a45686106
psr.exe,718958b7ba25be86f1efa0edc41c8233
pwcreator.exe,ef15ed92cdf4d96b153e8b95edb0835a
pwlauncher.exe,31cadab884e8cf69275f5f726e6c9b98
qappsrv.exe,a1b5a921bae0f96ae14900dfd5eedc8a
qprocess.exe,b9512abdf1f4982292dc60d11eda20df
query.exe,1f85fc4ef8b60c9add72f6c856dd0589
quickassist.exe,d042f2290489ad0715c077941e9ab742
quser.exe,3147f9b0c7089dd698778246e835c494
qwinsta.exe,2059b78166b69848737424208591e6bc
rasautou.exe,19ad94baf904a291245bc747efa7e6f5
rasdial.exe,e9ec77ceb1e941aa51cbbee8c4328334
raserver.exe,126958b58c3194598ba003ab8cd7c28a
rasphone.exe,dfe3d236047f2896e3ac01abc1028ef9
rdpclip.exe,3a662e99ff6e7d70a357d1a0325a0b5f
rdpinit.exe,6b846645f4c02f4b7cf3ef201eaefb45
rdpinput.exe,4d7fccd1eb82125a06319d86412d6e26
RdpSa.exe,c1aff40ca858e62552896c1381ca474a
RdpSaProxy.exe,434888a13dfe40613a1c7ed805f803ce
RdpSaUacHelper.exe,7a29bed2941d813a37fc01b550dff59f
rdpshell.exe,260e7e7e8cdd34b46bde8f2122a4fcc6
rdpsign.exe,214af0e706ea48c77e2733dbc13fc2e1
rdrleakdiag.exe,efd49b2986910dd8e31fdbb6d4945c47
RDVGHelper.exe,9eb5d001b61a90672b8da7e272545704
ReAgentc.exe,ed45be49413c1007acc8ebab76b1f2cf
recdisc.exe,d760ba7e00f41ade4a08d83acae07896
recover.exe,959c34797c8b15e7b66b8d9609d162c4
RecoveryDrive.exe,a93433e22e107f0188ad0b2765d4c079
refsutil.exe,c0174294026b46f6c65b16e6f69821b6
reg.exe,601bddf7691c5af626a5719f1d7e35f1
regedt32.exe,a7f7948eaa6287a29805ffd997e4016f
regini.exe,5fb1fd7cbf411d45f2be175941307995
Register-CimProvider.exe,6429f87e5d22ac53b78346cb5dd9d089
regsvr32.exe,578bab56836a3fe455ffc7883041825b
rekeywiz.exe,13a011ff5a587c82eb51fffeb9b82a83
relog.exe,c0d1219ab38fdaf4e761c9043633c7a8
RelPost.exe,9499f2e28d56464fcb187bad92f8076d
RemoteAppLifetimeManager.exe,ea8d02c8e3413e25a750ffa602643c06
RemotePosWorker.exe,38258e1faa357e01924bbc610356ecfd
repair-bde.exe,7de31602235a9b4a6c1ebcfb6e6e30e2
replace.exe,d5f41d113e81af4e732bd9b785fa6dfa
reset.exe,15d84ef11876bb1264257b0cc60c7b62
ResetEngine.exe,654ba245ba8ea4b3524ca26e60b3060a
ReShadeFXC32.exe,ef9f773fb1fd9e417b02526b9e21a2c9
resmon.exe,ff8ca7d9f879e176a1284f16a05a618c
RMActivate.exe,34032ec119a104aa7844c4738a45279c
RMActivate_isv.exe,517b93659e9cd3b2b32c2291c3b07243
RMActivate_ssp.exe,8cedf1ced007be12124879b36b95b8d0
RMActivate_ssp_isv.exe,3cb33413d1f3bf723b9d4b7b6681cfb1
RmClient.exe,c303c14a98854e66cb9235dda8db94bf
rmttpmvscmgrsvr.exe,cdd0d10bb7c8921ca301915f3219cfe2
Robocopy.exe,f45416183abb7f237f364c29bf0a9627
ROUTE.EXE,2498272dc48446891182747428d02a30
RpcPing.exe,5b1f1493c35d4525415d26a0312a23f2
rrinstaller.exe,bbc700c078a5eeeb4e821e5b5decb617
rstrui.exe,8a496430fdfc8b1a33642bac6621411e
runas.exe,170cddaa030c6a489c69630e76e71068
rundll32.exe,f68af942fd7ccc0e7bab1a2335d2ad26
runexehelper.exe,aa694008d3068ed546d9df920bf5300d
RunLegacyCPLElevated.exe,88c2c65b3caaea8e424921e4a987e522
runonce.exe,82014b48165774f3de63e3adcf1c9c9c
RuntimeBroker.exe,6cff0673ce2002a2fe2218642605187a
rwinsta.exe,c58617a6f427d6cd5e72e1a3aab3b034
sc.exe,e46c638010c25479f66bacbe8596ca76
schtasks.exe,003d681048a63b9862c299f30492cfdf
scp.exe,2b26fed866ae32256a13e518ebd99a5e
scrcons.exe,47a61bee31164ea1dd671d695424722e
ScriptRunner.exe,256db41cc475676223e444781711af17
sdbinst.exe,b365f6d8d8b2f42cb499179ea0693b9e
sdchange.exe,26b38ac958d067c7bdc7a24f03dc005b
sdclt.exe,b1aac89f2de057668cb7484c0dcb69ae
sdiagnhost.exe,6458634e67f8ae415a0a871953c04f06
SearchFilterHost.exe,8814e824a9fbe903d08bb3a2f6f10a25
SearchIndexer.exe,826286d885b0149a78a43a5fb7b87c88
SearchProtocolHost.exe,58e5c31aed1cc290b0a71f768648dc5e
SecEdit.exe,6bbf766473872b90b89da1f1578fe075
secinit.exe,359d5837d4c23bd3dfd851eeb1f8ec59
securekernel.exe,740dc12e98984c517df9a534957aaaa1
SecurityHealthHost.exe,ec9743eac2e9a363d78d7222d87f774a
SecurityHealthService.exe,c86276fc1b654d4a806f93f6f593e585
SecurityHealthSystray.exe,c8e90b99d158d05ad649cb258e273df8
SensorDataService.exe,ea7f202ee760b3f949191fdf86e553ea
services.exe,bccc12eb2ef644e662a63a023fb83f9b
sessionmsg.exe,98c98a278f41d46c80437196d0251d0d
sethc.exe,0899a093b921e175dcf7ea5ebcc65306
setspn.exe,dca0d4d4ae23484f2c3e16a177df5142
SettingSyncHost.exe,0ad082f50295ab0632942b31024a1df9
setup.exe,4570186d4cc12cf120002ee81763aa9a
setupcl.exe,937ca0d45c054a383b45aa3b4c57ceb4
setupugc.exe,39e181d122e35a3429cedbe235879307
setx.exe,531b54634f7be0c1017317799eb5ac13
sfc.exe,c297c70ef04fe6e2f27b9285530e8100
sftp.exe,028093cc65e2e42efc5ae37f030aa164
SgrmBroker.exe,c51aa0bb954ea45e85572e6cc29ba6f4
SgrmLpac.exe,112030f6f78d914501a9a52a434d7fa4
shrpubw.exe,72c73397b5d83f158209aff0f37a6bc1
shutdown.exe,b19c3abf6971123555a84096472b74eb
sigverif.exe,234a397e2f6c9eb0a395e3c46f1d1a3f
SIHClient.exe,286ae3cd446d823affee603ecb64b2d5
sihost.exe,259d746528a65ed5953e6294d8ec1507
SlideToShutDown.exe,c428a6ce6f4424bf148af087c0bf4b75
slui.exe,28e32f800aa2522c5dddf5cb29ad7536
smartscreen.exe,98321825f06128d24ade15aa703e193f
smss.exe,d8628fb25d64ba95875075e66ccb668f
SndVol.exe,be6b28d62db5b2aaf92b00dbd717d453
SnippingTool.exe,d57ca86ac22dc057456acc7fde4e492f
snmptrap.exe,78172782b1e1e26933d67a9da912158c
sort.exe,ebe8a846a84edea9d9969d61ebb28548
SpaceAgent.exe,7007df3c55aec1c0226d9cd375681e1d
spaceman.exe,2a098d113568d5ee5a6b8cf0f1e00a07
SpatialAudioLicenseSrv.exe,2950c42d14bc62e355328d7425a7f7c7
Spectrum.exe,7f3921ba41fb025fd9285d795419b854
SpeechModelDownload.exe,d2c1c14e9ecc56147dff8e45622dcb2d
SpeechRuntime.exe,6e5553ada33a4d61bb50de30747f089d
SpeechUXWiz.exe,fae658436615c362c1de0464c028f227
SphericalEquirect32.exe,88ba834949a2c179aeb8521d4dbafee1
SphericalEquirect64.exe,316a6857fb1f27a4776d319b420205cd
spoolsv.exe,217a5227e768cc42cf52b2902c7efa8c
SppExtComObj.Exe,c8809bca6464670dfd1b2de072f998be
sppsvc.exe,08369ac84cdf660ad8f5ec7642c5d3e9
srdelayed.exe,fdd9efdc478cd1bba4e06abf358c06c8
SrTasks.exe,eab7745b9c75eb09dab1cd3ef671d297
ssh-add.exe,c808cb063c0b78e92ff7f5a85905218d
ssh-agent.exe,9ffecd197d09ff33b00d5e5b78a48146
ssh-keygen.exe,e7f2ba307d3c923709744745c25c9cb5
ssh-keyscan.exe,4720a475f697d41705ebeecc9812c718
ssh.exe,b664ccd9e064ba9542bcc71a5ded6a1a
stordiag.exe,90a922fdb190d75111dbe5a741ee0510
subst.exe,e34a0b167101310f0949bca9bc2dd9ee
svchost.exe,9520a99e77d6196d0d09833146424113
sxstrace.exe,2f48cb5b94fd5847de6b0848d6a04ce2
SyncAppvPublishingServer.exe,3289dbe4246c6c455f326f7b0b610e76
SyncHost.exe,d81f80f00c0df4b56fcfbeed0caad963
sysprep.exe,c56186a475d4e1f077007b76f403c66b
SysResetErr.exe,97e22c23daa264e04aad15f97332a9e2
systeminfo.exe,4e678d82dde61aaaca201f9636507f9e
SystemPropertiesAdvanced.exe,80f3a1b9a59291751d19f6d574193057
SystemPropertiesComputerName.exe,04e31cb03986d4f85337d93b39627dc1
SystemPropertiesDataExecutionPrevention.exe,98eb858cbf77f962d5d7396b81eea8e6
SystemPropertiesHardware.exe,f36bcb21953623daaf2df9d2f5035b5b
SystemPropertiesPerformance.exe,694bf3376beed27a7b71447d1e01d855
SystemPropertiesProtection.exe,08e7ed3b8ac417381982959a5a349571
SystemPropertiesRemote.exe,2176ed22e7d213f8df7a7dbf9271545d
systemreset.exe,195091263efbffd4c3914b832c9d1ead
SystemResetPlatform.exe,0e686aa48c5fb651f8187a1dcdf7ce5e
SystemSettingsAdminFlows.exe,47f371e669b6bf47dbaf4dcf56aa9cb3
SystemSettingsBroker.exe,98181f7684077287a8729b546e6b65e7
SystemSettingsRemoveDevice.exe,108ed4393b0763b26d4987a1d2d3a737
SystemUWPLauncher.exe,8b5a7ba2ccdbccbfcd88e4e88c6f3df8
systray.exe,c272d7880adb608b72c675959fdeb0a7
tabcal.exe,c6d89baa07c0779c2f21b1072fad2c02
takeown.exe,3b62ef3a7ffb847a5de4c4c0606c9c06
TapiUnattend.exe,2fe50ac28b09962946d9b9159e1f5419
tar.exe,5f6b04a0ec5fe46feeec887406f63e57
taskhostw.exe,8ac325c757fa721b272ecea19ebcf745
taskkill.exe,3bbee3ac757ca54f33710df8fb9d47a7
tasklist.exe,80036c62eaceefac7f7df133634321f5
Taskmgr.exe,0c08189067fcb42c520b970d1fa7d5bf
tcblaunch.exe,c54c171077157232be9a9504ff8071ce
tcmsetup.exe,e913ce48f6085d1ef3c546bd14a9508a
TCPSVCS.EXE,714484b40811964803281237f6f231e4
ThumbnailExtractionHost.exe,deaaed1436b398c2f5f37f036082e145
TieringEngineService.exe,00e0c9bf4808162ae2fc9e6c8ba50701
timeout.exe,5045d3ca32f5e3582da2d5eb84e56e2c
TokenBrokerCookies.exe,ab9cc5b36be6aafaf91fa946a4ff70cf
TpmInit.exe,c601dd6b0449412e9bc6903b9aebaa5b
tpmvscmgr.exe,34edcd35e248ced00fdd42967e6f033c
tpmvscmgrsvr.exe,720e3a4012c6c7711d749e0a959e948f
tracerpt.exe,d104ae9c945880e7c7ef145dca05d933
TRACERT.EXE,2efe82589249126ca80cc1c536fcbdda
tscon.exe,df63ed6744525c475cd9f347ef2a7adc
tsdiscon.exe,2d0baff3474b052c371359e91c88de9e
tskill.exe,6e732dab005f94b46d56df34b5ef7d85
TSTheme.exe,ac8acf4923085d95bd419575f66dd0b5
TSWbPrxy.exe,a22563ec92b754171c83c50f43be6bf7
TsWpfWrp.exe,df69cc1a89e7540a7a2770250b739096
ttdinject.exe,2657170157072eddce03b847091b4c27
tttracer.exe,5d419f7f98abc0b3cf9e52d3598f587f
typeperf.exe,0c25f8c87e72fb23c60646dba70a6b50
tzsync.exe,f739247404c7c70c5b4dbccec91cf733
tzutil.exe,bbe2c493401937eabc8d1408305e2d0a
ucsvc.exe,87933c0cf6372392f8bf46a16682109d
UevAgentPolicyGenerator.exe,db9581764dbe3ac8ff9ab2f52f2c7a2d
UevAppMonitor.exe,d49102fe0b311535b01f3e3039f09218
UevTemplateBaselineGenerator.exe,e795ee1c8792edcead5a380438fdbfca
UevTemplateConfigItemGenerator.exe,cad9df722bcceed4cca888650fcb2f80
UIMgrBroker.exe,cf7c1a24fc071cd1efc71d231a1f7bfd
unlodctr.exe,b84c3edbf4c451722a521c76d0ff165b
UNPUXHost.exe,b4458bc949dbf8e00e21d86e9baed69c
UNPUXLauncher.exe,30bf09616c89b8a235c30c3c973c21d6
unregmp2.exe,9dd68d75b961dddb64548dd96e787654
unsecapp.exe,bca5ced790b8e6a422f2aca1ec0644bc
UpdateNotificationMgr.exe,210a5f30c0a99737632836008de9dfde
upfc.exe,cc25007dbb7a5f1f2f42c5487b97ccc2
UpgradeResultsUI.exe,2e0a1a1bd7774f742bd981ec1eecec20
upnpcont.exe,84220325f03df4f96c6e54e66b9422e4
UserAccountBroker.exe,fd74363ed919818aa5fe187565ab8a33
UserAccountControlSettings.exe,b913e9a10545fa6ec8e91483aa93b0bd
userinit.exe,b78269ef4034474766cb1351e94edf5c
UserOOBEBroker.exe,d68c90cac3ea2647642c076385439aaf
UsoClient.exe,30d4b722e2a869803084586f9501914d
usocoreworker.exe,adba91c46f4eb5ca542e4fdd0cd01f65
UtcDecoderHost.exe,85fffadc0d0480f887bb8dc6c6be2a01
Utilman.exe,5a8d81e7f43212a39675deaf9d46f416
VaultCmd.exe,54324bec9270523fab7fab47ce70cdd7
vds.exe,774339d0ac38e93e136329c586749a9e
vdsldr.exe,5de5f1da2e53a3587b0840ea0f988980
verclsid.exe,7e92f78b3b4e2b57d7a0fa89bb4ac462
verifier.exe,f3e010d3e862323bee891727cfaa31c1
verifiergui.exe,050165d2c58117e249e314450da9ce85
vssadmin.exe,02a10dbf904883b1f8ee9f3cc70f5eb8
VSSVC.exe,c82c209df1cfda5c72b148dfc2fa5d1d
vulkaninfo-1-999-0-0-0.exe,712b9192bf594a775d90d0719a05bd00
vulkaninfo-x64.exe,712b9192bf594a775d90d0719a05bd00
vulkaninfo-x86.exe,d55029def05c7131b75cded0b9b5786d
vulkaninfo.exe,712b9192bf594a775d90d0719a05bd00
w32tm.exe,156f79d8b289001a264595b5b8eb15c5
WaaSMedicAgent.exe,f9414ea5636abd325993e280c181955f
waitfor.exe,e6f52af752157757ea5b0b1f1c997314
WallpaperHost.exe,45e9291a2b455f6fdc82a6e874f0b446
wbadmin.exe,eff66b41c787eac3bc147608913c8682
wbemtest.exe,6c18acc7cdefaecaa87e3956be3e5117
wbengine.exe,cf92702dff7f9edd4e5519e806cb328b
wecutil.exe,62f0e7169caef39317daf7b09d424254
WerFault.exe,3168553add563f56411e1b8a77b6854e
WerFaultSecure.exe,35da68f8c6a3b5ee522dab0c72efd13d
wermgr.exe,3e82fbfd331d9325dc7e01e667908b4a
wevtutil.exe,53748b0cd4c78af5ef1d4e77f3c873af
wextract.exe,a740582789b3622eaaa53d2d31955363
WFS.exe,7d05dbccb67c329ad2f2e5fcaee84260
wg.exe,7cb011b61e18562db6b40ce834dbe70c
where.exe,e72bce4a23ff0b4cdc18afc2a221bc3a
whoami.exe,2eeeec89e705f73ffbcae014e1828788
wiaacmgr.exe,5f31742f489000ae4e8049ad854601e3
wiawow64.exe,4ef7062046401d7c51a44bb419f4c6e3
wifitask.exe,46827d922bb0cd19379ecbc12f5797e7
wimserv.exe,ad4b925cf07c852e06b6f6d8cdadf526
WinBioDataModelOOBE.exe,8b3aa298b6d5b066a030e2e63f079acc
windeploy.exe,04d6b8cf4f3ec3596dad7b1c97451a10
Windows.Media.BackgroundPlayback.exe,ce91a371f58382faed8d90f6d28ca64c
Windows.WARP.JITService.exe,5c500b7e3870f63720d49ed4e14b6a09
WindowsActionDialog.exe,84a815207f6b995b7ea3a61469378bac
WindowsUpdateElevatedInstaller.exe,bd2e87b5d2f329fddecabc48ba030859
wininit.exe,e83650f70459a027aa596e1a73c961a1
winload.exe,3be0bee0a13658871913320eee0b058c
winlogon.exe,e7590fa4991fe5a934ae8b09c6362c7e
WinMgmt.exe,a6c0a35bfa37660599df474940ffd646
winresume.exe,b44b0380a98f71439876e0d386079d0f
winrs.exe,513f3ed879d9552db6661af992ffa2c8
winrshost.exe,61e79d03cfecf26c0da9ff008a966c6b
WinRTNetMUAHostServer.exe,45fd4f691f706b8f05a0deca09f22fcc
WinSAT.exe,a103b717f6e1d71e3a354e2da49ef77d
winver.exe,a9e590d2497edc084324d6a2584b1905
wkspbroker.exe,049b22a8143967f08b64c313c71ad5b6
wksprt.exe,745cbb25244d2c7f778debf52249da38
wlanext.exe,7d6d8eeed2c7422683301aa560a0135a
WlanHelper.exe,61bb7792c979885e7e274b140bf11fb1
wlrmdr.exe,271542367cfe176418063e1202c5da59
WMIADAP.exe,0a3efbad56d2131ed36287d8e8829f55
WmiApSrv.exe,72260ce9438a7a9a8a5ba101eda4d6bd
WMIC.exe,29b7d02a3b5f670b5af2daf008810863
WmiPrvSE.exe,801e8003c257c8f540b20f1e0decd3a6
WMPDMC.exe,19a773d8f38b3778ab676378214632c2
WorkFolders.exe,43412a035847649c4fb2daa6de336d86
wowreg32.exe,98e3d5253b836a5c14596bf498a195f0
WpcMon.exe,7553f03f2fd3cebea64ebbf0e6acb2d1
WpcTok.exe,cfcd27abec91cb6b748caa462a64eae7
WPDShextAutoplay.exe,c42062ce75675b504b5da96e9f3a43e4
wpnpinst.exe,941b8d93aa430b851bb28e16d1b0dfa8
wpr.exe,d642b5df8312e38031ef94ba969a6e2f
write.exe,1d27f61cc5d659247d2e0c111c5386de
wscadminui.exe,e2bc9c009a8cdbfe6c3e3bd8bf962c03
WSCollect.exe,c471046b92d04242ed85ab1522e90012
wscript.exe,563edae37876138fdff47f3e7a9a78fd
wsl.exe,dfb9f29d01658085ff3822acb23a10da
wslconfig.exe,01da6b2f4f84dc8235a3c89a05ef9991
wslhost.exe,dcdafcc804bb5e5d420b273d8b99ec97
WSManHTTPConfig.exe,175deb18d8f6e41f4621f7725376f214
wsmprovhost.exe,be8f44a05a2f25f44f22b2952231755e
wsqmcons.exe,634c8397c1a599f12297e76aa0a7301f
WSReset.exe,fb3ce16149961934341850a6f1ed869e
wuapihost.exe,cd0cb2c73911c763ce992db36cbbbf71
wuauclt.exe,3e028e5a65fdef85bf58c8ee7d4b054a
WUDFCompanionHost.exe,27bb6d5bda8b81ece806133e26b2e885
WUDFHost.exe,90b9369f6e13cb377abbe500618be66d
wusa.exe,7e8ae39be13b6f0a7cad480b7148123f
WWAHost.exe,79477892e1864c675cc4134b5de28a2d
XblGameSaveTask.exe,e60953f7e59d7e59f3ad702a94c3b809
xcopy.exe,f359375c36d2c540dff1141b11bf2f7f
xwizard.exe,30d89280e86dfb29c2f232194642125e
YAMLFXC32.exe,a42e49668affe6d4b0dcab06d87b84a7
